Name,Country,City,Phone,Address,Email
Müller's Cairo - Digital & Creative Agency,Egypt,Cairo,+20 2 23066062,"Cairo Business Plaza, N 90 St, New Cairo",info@muller-mena.com
First Markets,Egypt,Cairo,+20 10 04417918,"21 Mahmoud Khairy, Abbas El-Akkad, Nasr City",info@firstmarkets.com
Essence Adverts,Egypt,Cairo,+20 10 01588828,"Villa 7 Al Hadaek St, Maadi",info@essenceadvertising.com
Icon Creations,Egypt,Cairo,+20 12 22124808,"28 Street 7, Maadi",info@icon-creations.com
HUB - Marketing Agency,Egypt,Cairo,+20 11 51752513,"17B Salah Salem St, Heliopolis",info@hubmarketingagency.com
AZ Studios,Egypt,Cairo,+20 10 10002431,New Cairo 1,Hello@az-studios.com
MG Digital,Egypt,Cairo,+20 12 72728222,"35 Abd El-Salam Farid, Almazah, Heliopolis",info@mg.digital
Kaizen Advertising Agency,Egypt,Cairo,+20 10 22977499,"54 Zaker Hussein St, Nasr City",Info@kaizen-egypt.com
Legend1st Digital Marketing Agency,UAE,Dubai,+971 55 701 5031,"Office 2003, Silver Tower, Business Bay",info@legend1st.com
Prism Digital,UAE,Dubai,+971 4 332 0808,"Latifa Tower, World Trade Center",glenice@prismdigital.ae
ENH Marketing,UAE,Dubai,+971 4 239 0828,"Arcade Building, Al Garhoud",info@enhmedia.com
Digital Vertise,UAE,Dubai,+971 50 520 7369,"Prime Tower, 910 Marasi Dr, Business Bay",info@digitalvertise.com
Digital Arabia,UAE,Dubai,+971 58 581 9677,"Aspin Commercial Tower, Sheikh Zayed Rd",Info@digitalarabia.ae
United SEO,UAE,Dubai,+971 4 442 6518,"Mazaya Business Avenue, JLT",info@useo.ae
Si3 Digital Marketing Agency,UAE,Dubai,+971 4 427 3715,"Opal Tower, Business Bay",Sales@si3.ae
Wisoft Solutions,UAE,Dubai,+971 4 321 0710,"The Curve Building, Sheikh Zayed Rd, Al Quoz",contact@wisoftsolutions.com
Dreamize,UAE,Dubai,+971 4 576 3914,"Bay View Tower, Business Bay",info@dreamizegroup.com
Volga Tigris Marketing Agency,UAE,Dubai,+971 4 358 7311,"Business Venue Building, Oud Metha",info@volgatigris.com
