name,country,email,phone
Icon Creations,Egypt,info@icon-creations.com,012 22124808
Wunderman Thompson Cairo,Egypt,name@domain.com,02 27371290
Rekoya,Egypt,hello@rekoya.com,
ARQQA,Egypt,info@arqqa.net,011 10115557
Müller's Cairo - Digital & Creative Agency,Egypt,email@yourbusiness.com; info@muller-mena.com,010 93329046
AZ Studios,Egypt,Hello@az-studios.com,010 10002431
The Creative Zone,Egypt,hr@tcz-eg.com; info@tcz-eg.com; info@thecreativezone-eg.com,010 99988114
MG Digital - Digital Marketing Agency,Egypt,info@mg.digital,012 72728222
DIGO EGYPT MARKETING AGENCY,Egypt,,010 23366215
"Dot IT - Digital Marketing Agency in Egypt, Website Design and SEO",Egypt,info@dotit.org,010 18750505
MPC Studios - Advertising & Marketing agency,Egypt,,015 50936532
The Portal Agency,Egypt,,011 01000977
RED Agency,Egypt,,010 96262518
BSocial,Egypt,info@bsocial-eg.com,02 22684483
Pimula Agency,Egypt,info@pimula.net,012 11288909
Social Media Egypt SME,Egypt,,012 72000280
OMD Egypt,Egypt,growth@omnicommedia.com,02 27387742
Mediaverse Agency | Digital Marketing Agency in Egypt,Egypt,Info@mediaverseagency.com,010 25511099
Sendian Creations | Marketing and Advertising Agency,Egypt,,
Rouby Marketing,Egypt,info@roubymarketing.com,010 07464700
هايبر 2,Egypt,,
اعلانات داعم,Egypt,dev7561@gmail.com,010 98547953
Cord Digital | شركة تسويق الكتروني | وكالة اعلاني,Egypt,hello@corddigital.com; info@corddigital.com,010 22088753
Kaizen Advertising & Event Management,Egypt,Info@kaizen-egypt.com; Sales@kaizen-egypt.com,010 22977499
فيرست ماركتس - أفضل شركة تسويق إلكتروني وتصميم مواقع ومتاجر إلكترونية,Egypt,info@firstmarkets.com,010 04417918
Kinetics Egypt,Egypt,,010 67004412
Digitology,Egypt,info@digitology.co,010 03680272
Trendlix Digital Marketing Agency,Egypt,,010 50079822
Big Move Agency,Egypt,Contact@bmp.agency; name@email.com,011 18600015
Signature,Egypt,info@signature.com.eg,011 01191616
MKY Communications,Egypt,info@mkycommunications.com,010 60929078
Rawag Digital Marketing Agency,Egypt,info@rawagdigitalmarketingagency.com; info@rawagemarketing.com,010 16300200
Ergasti Digital,Egypt,,012 03333084
CULTARK,Egypt,amira.kadry@cultark.com; farah.nabil@cultark.com; john@company.com; yara.antar@cultark.com; zeina.khaled@cultark.com,010 08737333
BSMART Creative Agency,Egypt,hello@bsmart.agency; info@bsmart.agency,011 00088100
وكالة العقل الأخضر,Egypt,,010 00171208
Digifly group Digital Marketing Agency شركة ديجى فلاي,Egypt,hello@digiflyeg.com,010 63312120
Inbound Factor – SEO Company in Egypt,Egypt,joinus@inboundfactor.com,012 22790731
Dice Marketing and Advertising,Saudi Arabia,talktocairo@dicema.com​; talktoriyadh@dicema.com​,966 11 462 7792
Dunesberry Digital Marketing & Brand Agency,Saudi Arabia,info@dunesberry.com,966 59 009 8468
Above Limits ابوف ليمتس,Saudi Arabia,info@above-limits.com,966 55 734 8880
Koraspond - 360° Digital Marketing Agency,Saudi Arabia,info@koraspond.com,966 54 004 2213
Creative Action - Social Media Marketing Agency,Saudi Arabia,,966 12 657 9068
بايتس فيوتشر,Saudi Arabia,careers@bytesfuture.com; info@bytesfuture.com,966 11 488 8553
شركة الحلول الذكية للدعاية والإعلان,Saudi Arabia,info@tss-adv.com,966 54 300 0619
tact Digital Communication | شركة تاكت للتواصل الرقمي,Saudi Arabia,,
UpGro Digital,Saudi Arabia,info@upgrodigital.com,966 50 619 5881
شركة رايات التسويق,Saudi Arabia,cairo@rayatmarketing.com; riyadh@rayatmarketing.com,966 53 544 4162
LtsThink Branding & Marketing Agency,Saudi Arabia,info@ltsthink.com,966 55 252 5261
N24 Creative Agency,Saudi Arabia,info@n24.sa,966 53 240 2424
Creative Formula,Saudi Arabia,example@mysite.com,966 55 596 4960
Ethos Interactive Riyadh - Customer Experience & Digital Marketing Agency,Saudi Arabia,business@ethoskms.com,966 11 460 0119
The Bold Group,Saudi Arabia,:business@bold-grp.com,966 11 433 0099
MOCKUP Creative Agency,Saudi Arabia,,966 54 747 5047
هامة - وكالة إبداعية | Hamah - Creative Agency,Saudi Arabia,info@hamah.sa,966 55 544 7705
Room 11 Marketing Agency,Saudi Arabia,,966 54 767 1074
كريتف بلند للدعاية والاعلان,Saudi Arabia,HELLO@CREATIVEBLEND.COM.SA; hello@creativeblend.com.sa; hr@creativeblend.com.sa,966 11 471 1147
SYMBOLIC | Branding Agency,Saudi Arabia,Info@symbolicsa.com; Mohammed@symbolicsa.com; mohammed@symbolicsa.com,966 53 211 8888
شركة واو للتسويق,Saudi Arabia,Sales@woow.sa,966 9200 03824
بيربيجوال للتسويق,Saudi Arabia,wecare@theonle.com,966 55 253 3371
Promotion Efficiency | كفاءة العرض,Saudi Arabia,contact@promoe.com.sa,966 56 664 2220
بصمات للتسويق الإلكتروني,Saudi Arabia,hi@bassmat.com,966 11 465 5775
Hashtag Social Media Agency,Saudi Arabia,hashtager@hashtag-me.com; hello@hashtag-me.com,966 11 293 2889
nithar,Saudi Arabia,,966 11 461 2939
Art Garage - marketing communications,Saudi Arabia,,966 59 290 9448
brand land ADVERTISING,Saudi Arabia,info@bl.sa,966 54 495 5248
يوبراند,Saudi Arabia,,966 55 261 5810
وكالة شفت الابداعية,Saudi Arabia,info@dsngrid.com; info@shiftmkt.sa,966 11 512 7712
ويفز للحلول التسويقية,Saudi Arabia,info@waves.sa,966 56 577 7750
GrueBleen,Saudi Arabia,hello@gruebleen.com,966 11 263 7214
زد,Saudi Arabia,example@email.com; info@z-adv.com,966 11 477 0033
StandardTouch | Web Designing & Digital Marketing Company,Saudi Arabia,contact@standardtouch.com,966 59 115 3847
Magnet Creative | وكالة تسويق رقمي,Saudi Arabia,info@magnetcreative.com,
Ability,Saudi Arabia,info@abilitycomms.com,
التسويق الشامل,Saudi Arabia,,966 11 200 2722
TSS Advertising Company,Saudi Arabia,info@tss-adv.com,966 54 300 0619
digitalfarm | Abu Dhabi,United Arab Emirates,info@digitalfarm.ae,971 56 998 9607
ENH Marketing - Digital Marketing Agency in Dubai UAE | Social Media | التسويق الرقمي دبي,United Arab Emirates,info@enhmedia.com,971 4 239 0828
Prism Digital,United Arab Emirates,sales@prism-me.com,971 4 332 0808
GLMA Agency,United Arab Emirates,info@glmaagency.com,971 50 235 9358
SMS Marketing Agency Dubai,United Arab Emirates,,971 58 545 6007
"Betasaurus Global | Marketing Agency Dubai, UAE",United Arab Emirates,john@agency.com; partners@betasaurusglobal.com,1 517-901-3579
United SEO,United Arab Emirates,info@useo.ae,971 4 442 6518
GPS Marketing Agency,United Arab Emirates,bd@gpsmarketing.agency; kate@gpsmarketing.agency; ruhee@gpsmarketing.agency,971 50 702 8379
EDS FZCO,United Arab Emirates,info@eds.ae,971 4 519 3444
Legend1st Digital Marketing Agency in Dubai - Social Media Marketing & SEO Services,United Arab Emirates,info@legend1st.com,971 55 701 5031
Si3 Digital Marketing Agency Dubai,United Arab Emirates,info@si3.ae; sales@si3.ae,971 4 427 3715
Leads Dubai,United Arab Emirates,leads@leadsdubai.com,971 50 304 7470
Aspiration Worx,United Arab Emirates,contact@aspirationworx.com,971 52 422 9942
FATHIMA' DIGITAL Marketing Agency in UAE,United Arab Emirates,badigisol@gmail.com,
Volga Tigris Marketing Agency,United Arab Emirates,info@volgatigris.com; mathew.v@volgatigris.com,971 4 358 7311
ULEGENDARY DIGITAL,United Arab Emirates,info@ulegendary.com,
Marketing Trend | SEO Agency & Website Development Company,United Arab Emirates,info@marketingtrend.ae,971 50 973 1774
Amplify Marketing Agency Dubai,United Arab Emirates,,971 4 234 3498
Be Unique Group,United Arab Emirates,hello@beuniquegroup.com,971 4 834 7391
Melange Digital - Digital Marketing Agency in United Arab Emirates,United Arab Emirates,hello@melangedigital.co,971 52 800 8051
Act Local SEO Dubai,United Arab Emirates,economy@actlocal.ae; hr@actlocal.ae,971 58 899 5545
Digital Vertise,United Arab Emirates,legal@thefirmdubai.com,971 50 520 7369
Medialinks | Performance & User Acquisition Agency,United Arab Emirates,hello@themedialinks.com,971 55 858 4966
"Wisoft Solutions - Digital Marketing Agency in Dubai (SEO, Social Media, Branding Agency)",United Arab Emirates,contact@wisoftsolutions.com,971 4 321 0710
Prism Advertising,United Arab Emirates,info@prismads.com,971 4 874 8206
NEXA,United Arab Emirates,support@digitalnexa.com,971 4 432 9464
McCollins Media,United Arab Emirates,info@mccollinsmedia.com,971 4 445 6848
Pentagon SEO Dubai,United Arab Emirates,info@pentame.com,971 4 424 5022
Red Berries | Digital Marketing Agency in Dubai | Web Designing Firm | SEO Services,United Arab Emirates,ask@redberries.ae; careers@redberries.ae,971 4 295 7880
Marketing Agency UAE,United Arab Emirates,hello@synofex.com,971 52 523 0119
Digital Arabia®,United Arab Emirates,info@digitalarabia.ae,971 58 581 9677
DSC - SEO Company Dubai | Digital Marketing Agency in Dubai,United Arab Emirates,contact@dubaiseocompany.ae,971 58 582 1354
GCC Marketing,United Arab Emirates,info@gcc-marketing.com,971 56 730 0683
Zelta Media - SEO Agency Dubai | Web Design Agency Dubai,United Arab Emirates,hello@zeltamedia.com,971 54 565 5008
House of Comms,United Arab Emirates,,971 4 275 4900
WME Int'l Marketing Agency,United Arab Emirates,,
Abu Dhabi Digital Marketing Agency - NetArabia,United Arab Emirates,hello@netarabia.ae,971 55 140 0252
Today Oman - DoOdleZz Advertising,Oman,a@TodayOman.com; abi@TodayOman.com; dinesh@TodayOman.com; hello@todayoman.com; info@TodayOman.com; irfan@TodayOman.com; jasfan@TodayOman.com; jashi@TodayOman.com; lashi@TodayOman.com; naja@TodayOman.com; r@TodayOman.com; raizu@TodayOman.com; saif@TodayOman.com; sasi@TodayOman.com; shihab@TodayOman.com; suni@TodayOman.com; tm@TodayOman.com,968 9302 9393
MIRRORS LLC,Oman,info@mirrorsoman.com; mohamed@mirrorsoman.com,
Zomorod Digital Marketing & Advertising Agency,Oman,info@zomorod.agency,968 9718 5621
Alvi Digital Marketing,Oman,info@alvidigitalmarketing.com; mir@alvidigitalmarketing.com,968 7714 5672
Visionary Digital Solutions,Oman,,968 9399 9027
Adventz,Oman,,968 9126 9531
درب المجرة,Oman,info@galaxy-way.net,968 9524 4839
Digital Mom Rakhi,Oman,,
The Growth Pillars,Oman,Info@thegrowthpillars.com,968 7664 9949
Tech Hybrids,Oman,info@techhybrids.com,968 9357 3982
Spectrum Solutions,Oman,marketing@spectrumsolutionsoman.com; shinupraj@gmail.com,968 9511 1475
Oman Advertising Agency LLC وكالة عمان للاعلان ش.م.م (OmanAD),Oman,info@omanad.net,968 9288 0338
Masarib Digital Marketing Agency,Oman,om@masarib.net,968 9853 1829
Cling LLC,Oman,Info@clinggroup.com,968 7917 9352
Arabian Axis - Digital Marketing Agency in Oman,Oman,info@arabianaxis.com; info@arabianaxis.net,968 9011 1875
DGMarketing,Oman,hello@yourco.com,968 7974 7463
M21,Oman,webmaster@m21world.facesoman.com,968 9389 2006
Engage Services United LLC,Oman,,968 24 602286
OHI Leo Burnett,Oman,narayan@ohileoburnett.com; srikanth@ohileoburnett.com; wyle@ohileoburnett.com,968 9365 2303
Haffaf Digital Agency | هفاف للاعلان Head Office,Oman,info@haffafdigital.com,968 9907 7167
Techsculp Digital Marketing,Oman,info@techsculp.io,968 9678 3565
شركة زينه,Oman,,968 24 607770
Feedback Advertising Agency,Oman,,968 24 288679
Bluebird Digital Marketing | Digital Marketing | Social Media Marketing | Website Designing | Muscat | Oman,Oman,%20%20enquiry@bluebird.asia; %20enquiry@bluebird.asia,968 9410 5404
Kenshō Mindful Communications,Oman,info@kenshocom.com; talents@kenshocom.com,968 9268 8075
The Agency - Advertising & Event Services,Oman,,968 9617 5866
Creative Soul,Oman,,968 9943 3382
let's M,Oman,Info@lets-m.com,968 9151 5188
Burq Marketing,Oman,admin@burqmarketing.com,968 9899 7636
Digital i - A Social Media Marketing Agency,Oman,info@digitalimarketing.com,968 9365 2303
العلامة للتسويق Alamah Marketing,Oman,info@alamah.om,
Ramal Marketing,Oman,,968 9941 4017
ibtkar.agency,Oman,,968 7723 2290
Digital Dimensions - Digital Transformation Company,Oman,info@digital-dimensions.tech,968 7690 2294
سند للتسويق الرقمي,Oman,,965 6774 3612
"Digital Marketing & SEO Expert | Freelancer in Muscat, Oman",Oman,,968 7222 5258
Middle East Media & Advertising LLC الشرق الاسط للميديا و للاعلانات,Oman,info@memaoman.com,968 9280 8600
Azyan Digital Marketing,Oman,,968 9470 0157
Gate10 immersive marketing LLC,Oman,sample@mail.com,968 9385 5602
Azlan Design (Muscat Design House) - Branding Agency Muscat,Oman,mazin@azlan.design,968 9631 4411
M&M Marketing Agency,Qatar,info@mnmagency.com,974 5537 6372
Taqnia Creative Agency,Qatar,info@taqnia.qa,974 3007 5181
Nuance Digital Marketing,Qatar,info@nuancedigitalsolutions.com,974 6688 1424
Digiknown | Digital Marketing Agency in Qatar,Qatar,marketing@numerique.com,974 3305 2820
X! Qatar,Qatar,info@xqatar.qa,974 7799 3299
Cosette,Qatar,contact@cosette.qa,974 6696 7125
Altair Advertising Agency,Qatar,,974 7006 1665
Sphere Qatar | Digital Marketing and Advertising Agency,Qatar,info@sphereqatar.com,974 4415 7089
Paradigm Marketing & Advertising,Qatar,paradigm.qa,974 4411 2536
"Digital Links - Digital Marketing Company Doha,Qatar",Qatar,%20hello@digitallinkspro.qa; hello@digitallinkspro.qa,974 5039 0857
Lead Generation Solution,Qatar,m.hassan@leadgenerationsolution.co,974 5537 7106
Social Media Solutions,Qatar,,974 3331 1008
Ostrichess (OBM),Qatar,hello@obm.qa,974 7794 0018
Curve,Qatar,info@curveqatar.com,974 7788 6679
Fookis Labs (Digital Creative Agency),Qatar,info@fookislabs.com,974 5527 5461
Silverfox Digital,Qatar,marketing@silverfoxdigital.com,974 6688 1044
Adabisc Future Qatar,Qatar,,974 4422 7222
Media1 Events & Exhibitions,Qatar,info@media1qatar.com,974 7030 4841
Al Shaqab Advantage Qatar,Qatar,,974 4462 0244
Sahilz Advertising | Qatar,Qatar,info@sahilzadvertising.com; info@sahilzenterprises.com,974 7106 9912
Paradox Events and Marketing,Qatar,info@paradoxagency.me,974 5999 4493
Gem Advertising and Publications W.L.L,Qatar,info@gemadvertising.com,974 4444 2001
Kamrio Digital Marketing Agency,Qatar,info@kamrio.com,974 6624 6371
Momentum Media Qatar,Qatar,sales@momentummedia.qa,974 3365 8111
Saatchi & Saatchi Qatar,Qatar,,974 4434 1724
Jefe Media,Qatar,,974 7755 4451
Vibes Web Design Company In Qatar,Qatar,connect@vibes.services,974 3112 2601
The Look Company,Qatar,,974 4447 5865
"Seo Services | Best Seo Company in Doha,Qatar",Qatar,,974 6699 3584
Muse Media LLC,Qatar,hello@the-muse.co; lauren.fryer@the-muse.co,974 3384 0519
Roop Marketing,Qatar,,974 3167 9090
Orange Digital Qatar,Qatar,,974 6696 7304
Maraya Digital Marketing,Qatar,,974 3370 4422
TripleTwo,Qatar,info@tripletwo.com,974 4429 2666
Dezignix | Digital Marketing Agency,Qatar,info@dezignix.com,974 7447 5770
Osool Media,Qatar,,974 5532 0001
EVOLVE Marketing Agency,Qatar,info@envato.com; support@envato.com,973 3116 6332
Directline Translation and Marketing Agency,Qatar,info@marketingdirectline.com,974 7118 5115
Pencilvent,Kuwait,info@pencilvent.com,965 2226 7520
Smart Target,Kuwait,hello@smarttargetkwt.com,965 9800 8445
Sine Marketing Agency,Kuwait,,
شركة كواليتي ميكرز,Kuwait,Info@Qualitymakerskw.com,965 9755 0465
GO Digital International,Kuwait,info@godintl.com,965 2207 3332
DSRPT Kuwait,Kuwait,kuwait@dsrpt.com.au,965 6509 0505
Raybal Group,Kuwait,,965 2202 2572
Bowaba Digital Marketing & Conversational Commerce,Kuwait,hello@bowaba.com,965 6660 5095
Ghaliah,Kuwait,,965 503 22229
شركة نسق للدعاية والتسويق,Kuwait,info@nasq.net,965 2220 4062
UrbanLinks Marketing Agency,Kuwait,info@urbanlinks.me,965 9932 2758
قوينق اب ديجيتال للتسويق الالكتروني,Kuwait,info@goingup.digital,965 9900 1393
PJR Group - Kuwait Advertising and Digital Printing Company - للدعاية والاعلان في الكويت PJR مجموعة,Kuwait,info@pjrgroup.com,965 9958 5932
توتال سيلوشن للدعاية و الإعلان,Kuwait,contact@totalsco.com,965 2225 0797
CUBED Marketing & Media Production,Kuwait,info@thecubed.io,965 9222 2384
"Nas Designz, Kuwait (Graphic Design, Social Media & Digital Marketing Services)",Kuwait,,965 9979 3739
Bubble MENA,Kuwait,hello@bubblemena.com,965 9952 9521
ODYSSEY Media Kuwait - أوديسي ميديا الكويت,Kuwait,,965 9772 9975
Quaive Creative Studio,Kuwait,,965 9889 6248
Prismic Media,Kuwait,contact@prismic.media,965 6222 6065
AD ZONE DIGITAL ADVERTISING COMPANY,Kuwait,info@ad-zone.net,965 555 55807
CD.- Chrysalis Digital,Kuwait,connect@cd.xyz,965 9775 5790
MarkMakers Agency,Kuwait,info@markmakers.co,965 558 11833
ويب اون كليك,Kuwait,info@webonclicks.com,965 9917 4002
Spark Marketing,Kuwait,info@sparkmea.com,965 9765 7453
Everything Kuwait,Kuwait,,965 9725 7258
Poixel,Kuwait,info@poixel.com,965 9764 5457
CLICK MEDIA - Click Integrated Media Solutions,Kuwait,info@click-ims.com,965 2245 9769
Reguess marketing coaching and consultancy,Kuwait,,965 9967 9561
BPG KUWAIT,Kuwait,,965 2296 8371
Bricks,Kuwait,work@bricks.com.kw,965 565 63653
SENYAR GROUP HEAD OFFICE & STUDIOS,Kuwait,info@senyar-mb.com,965 2266 8222
CRACKWITS - Digital Marketing Agency,Kuwait,hello@crackwits.com,965 2434 3622
Kuwaikib Marketing Company,Kuwait,GUIDE@KUWAIKIB.COM,965 410 00819
"DesignBox – Kuwait's Leading Performance Marketing, SEO, Digital Printing, Branding, Mobile App & Web Design Agency",Kuwait,info@designbox.com.kw,965 6648 2660
Majesty Group,Kuwait,info@Majesty-Group.com; info@majesty-group.com,965 2244 1601
Bits and Bytes IT Solution in Kuwait,Kuwait,info@bitsandbytesitsolution.com,
